--
-- PostgreSQL database dump
--

\restrict 4T02Fz0NFuRXno7wEtZ318u6XqbXbX21xTEGBR8q7jz7kPlr0RDbjQeOENPiZT9

-- Dumped from database version 17.6
-- Dumped by pg_dump version 18.4

-- Started on 2026-07-15 03:33:05

SET statement_timeout = 0;
SET lock_timeout = 0;
SET idle_in_transaction_session_timeout = 0;
SET transaction_timeout = 0;
SET client_encoding = 'UTF8';
SET standard_conforming_strings = on;
SELECT pg_catalog.set_config('search_path', '', false);
SET check_function_bodies = false;
SET xmloption = content;
SET client_min_messages = warning;
SET row_security = off;

--
-- TOC entry 15 (class 2615 OID 2200)
-- Name: public; Type: SCHEMA; Schema: -; Owner: pg_database_owner
--

CREATE SCHEMA public;


ALTER SCHEMA public OWNER TO pg_database_owner;

--
-- TOC entry 3850 (class 0 OID 0)
-- Dependencies: 15
-- Name: SCHEMA public; Type: COMMENT; Schema: -; Owner: pg_database_owner
--

COMMENT ON SCHEMA public IS 'standard public schema';


SET default_tablespace = '';

SET default_table_access_method = heap;

--
-- TOC entry 336 (class 1259 OID 26228)
-- Name: alertas; Type: TABLE; Schema: public; Owner: postgres
--

CREATE TABLE public.alertas (
    id_alerta integer NOT NULL,
    id_producto integer,
    id_usuario integer,
    tipo_alerta character varying(255),
    mensaje character varying(255),
    prioridad character varying(255),
    atendida boolean DEFAULT false,
    fecha_alerta timestamp without time zone DEFAULT CURRENT_TIMESTAMP
);


ALTER TABLE public.alertas OWNER TO postgres;

--
-- TOC entry 335 (class 1259 OID 26227)
-- Name: alertas_id_alerta_seq; Type: SEQUENCE; Schema: public; Owner: postgres
--

CREATE SEQUENCE public.alertas_id_alerta_seq
    AS integer
    START WITH 1
    INCREMENT BY 1
    NO MINVALUE
    NO MAXVALUE
    CACHE 1;


ALTER SEQUENCE public.alertas_id_alerta_seq OWNER TO postgres;

--
-- TOC entry 3853 (class 0 OID 0)
-- Dependencies: 335
-- Name: alertas_id_alerta_seq; Type: SEQUENCE OWNED BY; Schema: public; Owner: postgres
--

ALTER SEQUENCE public.alertas_id_alerta_seq OWNED BY public.alertas.id_alerta;


--
-- TOC entry 328 (class 1259 OID 26166)
-- Name: categorias; Type: TABLE; Schema: public; Owner: postgres
--

CREATE TABLE public.categorias (
    id_categoria integer NOT NULL,
    nombre_categoria character varying(255),
    descripcion character varying(255)
);


ALTER TABLE public.categorias OWNER TO postgres;

--
-- TOC entry 327 (class 1259 OID 26165)
-- Name: categorias_id_categoria_seq; Type: SEQUENCE; Schema: public; Owner: postgres
--

CREATE SEQUENCE public.categorias_id_categoria_seq
    AS integer
    START WITH 1
    INCREMENT BY 1
    NO MINVALUE
    NO MAXVALUE
    CACHE 1;


ALTER SEQUENCE public.categorias_id_categoria_seq OWNER TO postgres;

--
-- TOC entry 3856 (class 0 OID 0)
-- Dependencies: 327
-- Name: categorias_id_categoria_seq; Type: SEQUENCE OWNED BY; Schema: public; Owner: postgres
--

ALTER SEQUENCE public.categorias_id_categoria_seq OWNED BY public.categorias.id_categoria;


--
-- TOC entry 338 (class 1259 OID 26249)
-- Name: movimientos; Type: TABLE; Schema: public; Owner: postgres
--

CREATE TABLE public.movimientos (
    id_movimiento integer NOT NULL,
    id_producto integer,
    id_usuario integer,
    tipo_movimiento character varying(255),
    cantidad integer,
    observacion character varying(255),
    fecha_movimiento timestamp without time zone DEFAULT CURRENT_TIMESTAMP
);


ALTER TABLE public.movimientos OWNER TO postgres;

--
-- TOC entry 337 (class 1259 OID 26248)
-- Name: movimientos_id_movimiento_seq; Type: SEQUENCE; Schema: public; Owner: postgres
--

CREATE SEQUENCE public.movimientos_id_movimiento_seq
    AS integer
    START WITH 1
    INCREMENT BY 1
    NO MINVALUE
    NO MAXVALUE
    CACHE 1;


ALTER SEQUENCE public.movimientos_id_movimiento_seq OWNER TO postgres;

--
-- TOC entry 3859 (class 0 OID 0)
-- Dependencies: 337
-- Name: movimientos_id_movimiento_seq; Type: SEQUENCE OWNED BY; Schema: public; Owner: postgres
--

ALTER SEQUENCE public.movimientos_id_movimiento_seq OWNED BY public.movimientos.id_movimiento;


--
-- TOC entry 340 (class 1259 OID 26279)
-- Name: notificaciones; Type: TABLE; Schema: public; Owner: postgres
--

CREATE TABLE public.notificaciones (
    id_notificacion integer NOT NULL,
    fecha timestamp(6) without time zone,
    leido boolean,
    mensaje character varying(255),
    titulo character varying(255),
    id_usuario integer
);


ALTER TABLE public.notificaciones OWNER TO postgres;

--
-- TOC entry 339 (class 1259 OID 26278)
-- Name: notificaciones_id_notificacion_seq; Type: SEQUENCE; Schema: public; Owner: postgres
--

ALTER TABLE public.notificaciones ALTER COLUMN id_notificacion ADD GENERATED BY DEFAULT AS IDENTITY (
    SEQUENCE NAME public.notificaciones_id_notificacion_seq
    START WITH 1
    INCREMENT BY 1
    NO MINVALUE
    NO MAXVALUE
    CACHE 1
);


--
-- TOC entry 334 (class 1259 OID 26204)
-- Name: productos; Type: TABLE; Schema: public; Owner: postgres
--

CREATE TABLE public.productos (
    id_producto integer NOT NULL,
    nombre_producto character varying(255),
    descripcion character varying(255),
    codigo_barras character varying(255),
    lote character varying(255),
    laboratorio character varying(255),
    registro_sanitario character varying(255),
    unidad_medida character varying(255),
    precio double precision,
    cantidad integer,
    fecha_ingreso date,
    fecha_vencimiento date,
    estado character varying(255),
    imagen character varying(255),
    id_categoria integer,
    id_ubicacion integer,
    id_usuario integer
);


ALTER TABLE public.productos OWNER TO postgres;

--
-- TOC entry 333 (class 1259 OID 26203)
-- Name: productos_id_producto_seq; Type: SEQUENCE; Schema: public; Owner: postgres
--

CREATE SEQUENCE public.productos_id_producto_seq
    AS integer
    START WITH 1
    INCREMENT BY 1
    NO MINVALUE
    NO MAXVALUE
    CACHE 1;


ALTER SEQUENCE public.productos_id_producto_seq OWNER TO postgres;

--
-- TOC entry 3864 (class 0 OID 0)
-- Dependencies: 333
-- Name: productos_id_producto_seq; Type: SEQUENCE OWNED BY; Schema: public; Owner: postgres
--

ALTER SEQUENCE public.productos_id_producto_seq OWNED BY public.productos.id_producto;


--
-- TOC entry 326 (class 1259 OID 26160)
-- Name: roles; Type: TABLE; Schema: public; Owner: postgres
--

CREATE TABLE public.roles (
    id_rol integer NOT NULL,
    nombre_rol character varying(255)
);


ALTER TABLE public.roles OWNER TO postgres;

--
-- TOC entry 330 (class 1259 OID 26175)
-- Name: ubicaciones; Type: TABLE; Schema: public; Owner: postgres
--

CREATE TABLE public.ubicaciones (
    id_ubicacion integer NOT NULL,
    pasillo character varying(255),
    estante character varying(255),
    descripcion character varying(255),
    nombre_ubicacion character varying(255)
);


ALTER TABLE public.ubicaciones OWNER TO postgres;

--
-- TOC entry 329 (class 1259 OID 26174)
-- Name: ubicaciones_id_ubicacion_seq; Type: SEQUENCE; Schema: public; Owner: postgres
--

CREATE SEQUENCE public.ubicaciones_id_ubicacion_seq
    AS integer
    START WITH 1
    INCREMENT BY 1
    NO MINVALUE
    NO MAXVALUE
    CACHE 1;


ALTER SEQUENCE public.ubicaciones_id_ubicacion_seq OWNER TO postgres;

--
-- TOC entry 3868 (class 0 OID 0)
-- Dependencies: 329
-- Name: ubicaciones_id_ubicacion_seq; Type: SEQUENCE OWNED BY; Schema: public; Owner: postgres
--

ALTER SEQUENCE public.ubicaciones_id_ubicacion_seq OWNED BY public.ubicaciones.id_ubicacion;


--
-- TOC entry 332 (class 1259 OID 26184)
-- Name: usuarios; Type: TABLE; Schema: public; Owner: postgres
--

CREATE TABLE public.usuarios (
    id_usuario integer NOT NULL,
    dni character varying(255),
    nombre character varying(255),
    apellido character varying(255),
    correo character varying(255),
    estado boolean DEFAULT true,
    fecha_registro timestamp without time zone DEFAULT CURRENT_TIMESTAMP,
    id_rol integer,
    password character varying(255),
    username character varying(255)
);


ALTER TABLE public.usuarios OWNER TO postgres;

--
-- TOC entry 331 (class 1259 OID 26183)
-- Name: usuarios_id_usuario_seq; Type: SEQUENCE; Schema: public; Owner: postgres
--

CREATE SEQUENCE public.usuarios_id_usuario_seq
    AS integer
    START WITH 1
    INCREMENT BY 1
    NO MINVALUE
    NO MAXVALUE
    CACHE 1;


ALTER SEQUENCE public.usuarios_id_usuario_seq OWNER TO postgres;

--
-- TOC entry 3871 (class 0 OID 0)
-- Dependencies: 331
-- Name: usuarios_id_usuario_seq; Type: SEQUENCE OWNED BY; Schema: public; Owner: postgres
--

ALTER SEQUENCE public.usuarios_id_usuario_seq OWNED BY public.usuarios.id_usuario;


--
-- TOC entry 3640 (class 2604 OID 26231)
-- Name: alertas id_alerta; Type: DEFAULT; Schema: public; Owner: postgres
--

ALTER TABLE ONLY public.alertas ALTER COLUMN id_alerta SET DEFAULT nextval('public.alertas_id_alerta_seq'::regclass);


--
-- TOC entry 3634 (class 2604 OID 26169)
-- Name: categorias id_categoria; Type: DEFAULT; Schema: public; Owner: postgres
--

ALTER TABLE ONLY public.categorias ALTER COLUMN id_categoria SET DEFAULT nextval('public.categorias_id_categoria_seq'::regclass);


--
-- TOC entry 3643 (class 2604 OID 26252)
-- Name: movimientos id_movimiento; Type: DEFAULT; Schema: public; Owner: postgres
--

ALTER TABLE ONLY public.movimientos ALTER COLUMN id_movimiento SET DEFAULT nextval('public.movimientos_id_movimiento_seq'::regclass);


--
-- TOC entry 3639 (class 2604 OID 26207)
-- Name: productos id_producto; Type: DEFAULT; Schema: public; Owner: postgres
--

ALTER TABLE ONLY public.productos ALTER COLUMN id_producto SET DEFAULT nextval('public.productos_id_producto_seq'::regclass);


--
-- TOC entry 3635 (class 2604 OID 26178)
-- Name: ubicaciones id_ubicacion; Type: DEFAULT; Schema: public; Owner: postgres
--

ALTER TABLE ONLY public.ubicaciones ALTER COLUMN id_ubicacion SET DEFAULT nextval('public.ubicaciones_id_ubicacion_seq'::regclass);


--
-- TOC entry 3636 (class 2604 OID 26187)
-- Name: usuarios id_usuario; Type: DEFAULT; Schema: public; Owner: postgres
--

ALTER TABLE ONLY public.usuarios ALTER COLUMN id_usuario SET DEFAULT nextval('public.usuarios_id_usuario_seq'::regclass);


--
-- TOC entry 3840 (class 0 OID 26228)
-- Dependencies: 336
-- Data for Name: alertas; Type: TABLE DATA; Schema: public; Owner: postgres
--

COPY public.alertas (id_alerta, id_producto, id_usuario, tipo_alerta, mensaje, prioridad, atendida, fecha_alerta) FROM stdin;
\.


--
-- TOC entry 3832 (class 0 OID 26166)
-- Dependencies: 328
-- Data for Name: categorias; Type: TABLE DATA; Schema: public; Owner: postgres
--

COPY public.categorias (id_categoria, nombre_categoria, descripcion) FROM stdin;
1	Antibióticos	Medicamentos para infecciones bacterianas
2	Analgésicos	Medicamentos para aliviar el dolor
3	Vitaminas	Suplementos vitamínicos
4	Respiratorios	\N
5	Corticoides	\N
6	Cardiovasculares	\N
7	Dermatológicos	\N
8	Antisépticos	\N
9	Suplementos	\N
10	Material Médico	\N
\.


--
-- TOC entry 3842 (class 0 OID 26249)
-- Dependencies: 338
-- Data for Name: movimientos; Type: TABLE DATA; Schema: public; Owner: postgres
--

COPY public.movimientos (id_movimiento, id_producto, id_usuario, tipo_movimiento, cantidad, observacion, fecha_movimiento) FROM stdin;
\.


--
-- TOC entry 3844 (class 0 OID 26279)
-- Dependencies: 340
-- Data for Name: notificaciones; Type: TABLE DATA; Schema: public; Owner: postgres
--

COPY public.notificaciones (id_notificacion, fecha, leido, mensaje, titulo, id_usuario) FROM stdin;
\.


--
-- TOC entry 3838 (class 0 OID 26204)
-- Dependencies: 334
-- Data for Name: productos; Type: TABLE DATA; Schema: public; Owner: postgres
--

COPY public.productos (id_producto, nombre_producto, descripcion, codigo_barras, lote, laboratorio, registro_sanitario, unidad_medida, precio, cantidad, fecha_ingreso, fecha_vencimiento, estado, imagen, id_categoria, id_ubicacion, id_usuario) FROM stdin;
1	Paracetamol 500mg	Muy potente	775123456001	LOT001	Portugal	RS001	Caja	5.5	400	2026-01-01	2027-07-09	Activo	\N	2	1	\N
2	Ibuprofeno 600mg	Antiinflamatorio potente	775123456002	LOT002	MK	RS002	Caja	10.5	300	2026-01-01	2028-10-31	Activo	\N	2	1	\N
3	Amoxicilina 500mg	Antibiótico de amplio espectro	775123456003	LOT003	Genfar	RS003	Caja	15.5	220	2026-01-01	2028-04-30	Activo	\N	1	1	\N
4	Azitromicina 500mg	Muy potente	775123456002	LOT004	Portugal	RS004	Caja	18	100	2026-01-01	2026-06-25	Activo	\N	2	2	\N
5	Vitamina C 1g	Suplemento vitamínico	775123456005	LOT005	Naturalis	RS005	Frasco	12.5	150	2026-01-01	2026-06-25	Activo	\N	3	2	\N
7	Diclofenaco 50mg	Muy potente	775123456004	LOT007	Portugal	RS007	Caja	20	100	2026-01-01	2026-06-26	Activo	\N	1	1	\N
8	Naproxeno 550mg	Analgésico y antiinflamatorio	775123456008	LOT008	Bayer	RS008	Caja	11.5	50	2026-01-01	2026-07-03	ACTIVO	\N	2	3	\N
10	Cefalexina 500mg	Antibiótico cefalosporina	775123456010	LOT010	Genfar	RS010	Caja	21.5	40	2026-01-01	2026-07-07	ACTIVO	\N	1	3	\N
21	Amoxicilina 500mg	Antibiótico de amplio espectro	2029596	2029596	Lab Farmacias S.A.	RS-0001-2026	Caja	15.5	450	2026-05-01	2025-12-01	Activo	\N	1	1	\N
23	Vitamina C Efervescente	Suplemento vitamínico	2024009	2024009	Lab Salud Total	RS-0003-2026	Tubo	20	5	2026-05-01	2025-03-01	\N	\N	3	3	\N
25	Paracetamol 1000mg	MAS POTENTE	7751234560552	LOT003	Portugal	1566515	Caja	10	50	2026-06-09	2026-07-02	Bajo stock	\N	1	2	\N
56	Loradatina 10mg	Antihistamínico para alergias	775888111001	LOTA01	Genfar	RS-A01	Tableta	4.5	300	2026-06-01	2028-12-31	Activo	\N	1	1	\N
57	Cetirizina 10mg	Alivio de rinitis alérgica	775888111002	LOTA02	Medifarma	RS-A02	Tableta	5	250	2026-06-01	2028-11-20	Activo	\N	1	1	\N
58	Aspirina 100mg	Antiagregante plaquetario	775888111003	LOTA03	Bayer	RS-A03	Tableta	2.8	500	2026-06-02	2029-01-15	Activo	\N	1	1	\N
59	Ciprofloxacino 500mg	Antibiótico potente	775888111004	LOTA04	Hersil	RS-A04	Caja	22	80	2026-06-02	2027-10-10	Activo	\N	2	1	\N
60	Dexametasona 4mg	Corticosteroide	775888111005	LOTA05	Medifarma	RS-A05	Tableta	6.5	150	2026-06-03	2028-05-05	Activo	\N	2	1	\N
61	Salbutamol Inhalador	Para el asma	775888111006	LOTA06	Bayer	RS-A06	Frasco	35	40	2026-06-03	2027-08-12	Bajo stock	\N	3	1	\N
62	Suero Oral 500ml	Rehidratante	775888111007	LOTA07	Local	RS-A07	Frasco	3.5	200	2026-06-04	2027-12-01	Activo	\N	3	1	\N
63	Gelatina Real 1000mg	Suplemento energético	775888111008	LOTA08	Naturalis	RS-A08	Caja	28	60	2026-06-04	2027-06-06	Activo	\N	1	1	\N
64	Clindamicina 300mg	Antibiótico	775888111009	LOTA09	Genfar	RS-A09	Caja	19.5	110	2026-06-05	2027-09-09	Activo	\N	2	1	\N
65	Captopril 25mg	Para la hipertensión	775888111010	LOTA10	Hersil	RS-A10	Tableta	3.2	400	2026-06-05	2028-04-04	Activo	\N	3	1	\N
66	Termómetro Digital	Instrumento médico	775888111011	LOTA11	Import	RS-A11	Caja	15	20	2026-06-06	2030-01-01	Activo	\N	1	1	\N
67	Alcohol en Gel 250ml	Desinfectante	775888111012	LOTA12	Local	RS-A12	Frasco	7	300	2026-06-06	2029-12-30	Activo	\N	2	1	\N
68	Crema Hidratante	Cuidado piel	775888111013	LOTA13	Naturalis	RS-A13	Tubo	12	100	2026-06-07	2027-05-20	Activo	\N	3	1	\N
69	Melatonina 5mg	Para el sueño	775888111014	LOTA14	Naturalis	RS-A14	Caja	20	70	2026-06-07	2027-04-10	Activo	\N	1	1	\N
70	Vendas elásticas	Material curación	775888111015	LOTA15	Local	RS-A15	Caja	4	150	2026-06-08	2030-05-05	Activo	\N	2	1	\N
71	Glucómetro Digital	Medidor de glucosa en sangre	775000000101	MED001	Roche	RS-M01	Caja	85	15	2026-06-09	2030-01-01	Bajo stock	\N	1	1	\N
72	Tiras Reactivas Glucosa	Repuesto para glucómetro	775000000102	MED002	Roche	RS-M02	Caja	45	50	2026-06-09	2027-12-31	Activo	\N	1	1	\N
73	Complejo B	Suplemento vitamínico inyectable	775000000103	VIT001	Hersil	RS-V01	Ampolla	3.5	200	2026-06-09	2028-05-20	Activo	\N	3	1	\N
74	Pomada de Árnica	Alivio para golpes y hematomas	775000000104	DER001	Naturalis	RS-D01	Tubo	9	80	2026-06-09	2027-11-15	Activo	\N	2	1	\N
75	Mascarillas Quirúrgicas	Pack 50 unidades descartables	775000000105	MAT001	Import	RS-P01	Caja	12	300	2026-06-09	2030-06-01	Activo	\N	1	1	\N
76	Spray Nasal Salino	Descongestionante natural	775000000106	RES001	Bayer	RS-R01	Frasco	15	60	2026-06-09	2027-09-30	Activo	\N	3	1	\N
77	Pastillas de Eucalipto	Para irritación de garganta	775000000107	RES002	Medifarma	RS-R02	Caja	6.5	400	2026-06-09	2028-02-10	Activo	\N	3	1	\N
78	Jabón Antibacterial	Limpieza profunda de manos	775000000108	ANT001	Local	RS-A01	Frasco	5	150	2026-06-09	2024-07-24	Activo	\N	2	1	\N
79	Vitamina E 400UI	Antioxidante	775000000109	VIT002	Hersil	RS-V02	Caja	32	45	2026-06-09	2027-04-20	Activo	\N	1	1	\N
80	Alcohol Etílico 96	Desinfectante de grado médico	775000000110	ANT002	Local	RS-A02	Frasco	8.5	120	2026-06-09	2030-02-01	Activo	\N	2	1	\N
81	Condon	Ultra resistente	74774747	A	Portugal	Ejh33e	Caja	1	500	2026-06-09	2029-06-09	Activo	\N	10	3	\N
82	Anngello	1500 la hora	73883	200	C	3	Tubo	1500	50000	2026-06-09	2026-06-09	Activo	\N	3	3	\N
83	paracetamol 230gr	Mediacamento	66662562	LOy0022	Portugal	RE3622	Caja	25	20	2026-06-09	2025-11-04	Bajo stock	\N	1	1	\N
\.


--
-- TOC entry 3830 (class 0 OID 26160)
-- Dependencies: 326
-- Data for Name: roles; Type: TABLE DATA; Schema: public; Owner: postgres
--

COPY public.roles (id_rol, nombre_rol) FROM stdin;
0	ADMIN
1	ASISTENTE
2	USUARIO
\.


--
-- TOC entry 3834 (class 0 OID 26175)
-- Dependencies: 330
-- Data for Name: ubicaciones; Type: TABLE DATA; Schema: public; Owner: postgres
--

COPY public.ubicaciones (id_ubicacion, pasillo, estante, descripcion, nombre_ubicacion) FROM stdin;
1	Pasillo A	Estante 4	\N	\N
2	Pasillo B	Estante 1	\N	\N
3	Pasillo C	Estante 5	\N	\N
4	Pasillo D	Estante 2	\N	\N
\.


--
-- TOC entry 3836 (class 0 OID 26184)
-- Dependencies: 332
-- Data for Name: usuarios; Type: TABLE DATA; Schema: public; Owner: postgres
--

COPY public.usuarios (id_usuario, dni, nombre, apellido, correo, estado, fecha_registro, id_rol, password, username) FROM stdin;
1	00000001	Admin	Sistema	admin@gmail.com	t	2026-06-08 20:02:38	0	1234	admin
2	12345678	Anngello	Ccasa	anngello601@gmail.com	t	2026-06-08 20:02:38	0	1234	anngello
3	87654321	Asistente	Prueba	asistente@gmail.com	t	2026-06-08 20:02:38	1	1234	\N
4	74185296	Jeff	Flores	u23242689@utp.edu.pe	t	2026-06-08 20:02:38	0	12345	\N
5	95135784	JP	Perez	jp@gmail.com	t	2026-06-08 20:02:38	2	Jptupapi	\N
7	12345678	Usuario	Test	usuario@gmail.com	t	2026-06-08 16:14:11	2	1234	Usuario
8	12345678	Pc601	prueba	pc601@gmail.com	t	2026-06-09 00:20:30	2	1234	\N
10	56765756	KEIKO	NARANJA	keikonuncamas@gmail.com	t	2026-06-09 00:41:10	2	keikonuncamás123	\N
11	64564564	tu papi	Gaaaaa	tupapi@gmail.com	t	2026-06-09 01:00:04	2	tupapi123	\N
18	64564564	tupac	Gaaaaa	tupaci@gmail.com	t	2026-06-09 01:02:03	2	tupaci	\N
19	12345678	Pedro	Castillo	castillo@gmail.com	t	2026-06-09 01:02:14	2	1234	\N
20	55555555	ELbuho	flash	ELbuho@gmail.com	t	2026-06-09 01:08:07	2	ELbuho12	\N
21	71729523	Mya	Cornejo	mya@gmail.com	t	2026-06-09 01:13:22	0	mya	\N
22	5555555	Ga	Fr	ga@gmail.com	t	2026-06-09 17:44:29	2	ga123	\N
23	75938473	Pepe	Jalas	keiko@gmail.com	t	2026-06-09 18:23:17	2	123	\N
24	77777333	Pepe	Jonas	papitorico@gmail.com	t	2026-06-09 18:23:20	2	papitojanas	\N
25	12345678	Roberto 	Sanchez	robertpach@gmail.com	t	2026-06-09 18:23:20	2	12345	\N
\.


--
-- TOC entry 3873 (class 0 OID 0)
-- Dependencies: 335
-- Name: alertas_id_alerta_seq; Type: SEQUENCE SET; Schema: public; Owner: postgres
--

SELECT pg_catalog.setval('public.alertas_id_alerta_seq', 1, false);


--
-- TOC entry 3874 (class 0 OID 0)
-- Dependencies: 327
-- Name: categorias_id_categoria_seq; Type: SEQUENCE SET; Schema: public; Owner: postgres
--

SELECT pg_catalog.setval('public.categorias_id_categoria_seq', 1, false);


--
-- TOC entry 3875 (class 0 OID 0)
-- Dependencies: 337
-- Name: movimientos_id_movimiento_seq; Type: SEQUENCE SET; Schema: public; Owner: postgres
--

SELECT pg_catalog.setval('public.movimientos_id_movimiento_seq', 1, false);


--
-- TOC entry 3876 (class 0 OID 0)
-- Dependencies: 339
-- Name: notificaciones_id_notificacion_seq; Type: SEQUENCE SET; Schema: public; Owner: postgres
--

SELECT pg_catalog.setval('public.notificaciones_id_notificacion_seq', 1, false);


--
-- TOC entry 3877 (class 0 OID 0)
-- Dependencies: 333
-- Name: productos_id_producto_seq; Type: SEQUENCE SET; Schema: public; Owner: postgres
--

SELECT pg_catalog.setval('public.productos_id_producto_seq', 1, false);


--
-- TOC entry 3878 (class 0 OID 0)
-- Dependencies: 329
-- Name: ubicaciones_id_ubicacion_seq; Type: SEQUENCE SET; Schema: public; Owner: postgres
--

SELECT pg_catalog.setval('public.ubicaciones_id_ubicacion_seq', 1, false);


--
-- TOC entry 3879 (class 0 OID 0)
-- Dependencies: 331
-- Name: usuarios_id_usuario_seq; Type: SEQUENCE SET; Schema: public; Owner: postgres
--

SELECT pg_catalog.setval('public.usuarios_id_usuario_seq', 1, false);


--
-- TOC entry 3660 (class 2606 OID 26237)
-- Name: alertas alertas_pkey; Type: CONSTRAINT; Schema: public; Owner: postgres
--

ALTER TABLE ONLY public.alertas
    ADD CONSTRAINT alertas_pkey PRIMARY KEY (id_alerta);


--
-- TOC entry 3648 (class 2606 OID 26173)
-- Name: categorias categorias_pkey; Type: CONSTRAINT; Schema: public; Owner: postgres
--

ALTER TABLE ONLY public.categorias
    ADD CONSTRAINT categorias_pkey PRIMARY KEY (id_categoria);


--
-- TOC entry 3662 (class 2606 OID 26257)
-- Name: movimientos movimientos_pkey; Type: CONSTRAINT; Schema: public; Owner: postgres
--

ALTER TABLE ONLY public.movimientos
    ADD CONSTRAINT movimientos_pkey PRIMARY KEY (id_movimiento);


--
-- TOC entry 3664 (class 2606 OID 26285)
-- Name: notificaciones notificaciones_pkey; Type: CONSTRAINT; Schema: public; Owner: postgres
--

ALTER TABLE ONLY public.notificaciones
    ADD CONSTRAINT notificaciones_pkey PRIMARY KEY (id_notificacion);


--
-- TOC entry 3658 (class 2606 OID 26211)
-- Name: productos productos_pkey; Type: CONSTRAINT; Schema: public; Owner: postgres
--

ALTER TABLE ONLY public.productos
    ADD CONSTRAINT productos_pkey PRIMARY KEY (id_producto);


--
-- TOC entry 3646 (class 2606 OID 26164)
-- Name: roles roles_pkey; Type: CONSTRAINT; Schema: public; Owner: postgres
--

ALTER TABLE ONLY public.roles
    ADD CONSTRAINT roles_pkey PRIMARY KEY (id_rol);


--
-- TOC entry 3650 (class 2606 OID 26182)
-- Name: ubicaciones ubicaciones_pkey; Type: CONSTRAINT; Schema: public; Owner: postgres
--

ALTER TABLE ONLY public.ubicaciones
    ADD CONSTRAINT ubicaciones_pkey PRIMARY KEY (id_ubicacion);


--
-- TOC entry 3652 (class 2606 OID 26195)
-- Name: usuarios usuarios_correo_key; Type: CONSTRAINT; Schema: public; Owner: postgres
--

ALTER TABLE ONLY public.usuarios
    ADD CONSTRAINT usuarios_correo_key UNIQUE (correo);


--
-- TOC entry 3654 (class 2606 OID 26193)
-- Name: usuarios usuarios_pkey; Type: CONSTRAINT; Schema: public; Owner: postgres
--

ALTER TABLE ONLY public.usuarios
    ADD CONSTRAINT usuarios_pkey PRIMARY KEY (id_usuario);


--
-- TOC entry 3656 (class 2606 OID 26197)
-- Name: usuarios usuarios_username_key; Type: CONSTRAINT; Schema: public; Owner: postgres
--

ALTER TABLE ONLY public.usuarios
    ADD CONSTRAINT usuarios_username_key UNIQUE (username);


--
-- TOC entry 3669 (class 2606 OID 26238)
-- Name: alertas alertas_id_producto_fkey; Type: FK CONSTRAINT; Schema: public; Owner: postgres
--

ALTER TABLE ONLY public.alertas
    ADD CONSTRAINT alertas_id_producto_fkey FOREIGN KEY (id_producto) REFERENCES public.productos(id_producto);


--
-- TOC entry 3670 (class 2606 OID 26243)
-- Name: alertas alertas_id_usuario_fkey; Type: FK CONSTRAINT; Schema: public; Owner: postgres
--

ALTER TABLE ONLY public.alertas
    ADD CONSTRAINT alertas_id_usuario_fkey FOREIGN KEY (id_usuario) REFERENCES public.usuarios(id_usuario);


--
-- TOC entry 3673 (class 2606 OID 26286)
-- Name: notificaciones fkrr0ikjdv4qycj44q3lohskm4k; Type: FK CONSTRAINT; Schema: public; Owner: postgres
--

ALTER TABLE ONLY public.notificaciones
    ADD CONSTRAINT fkrr0ikjdv4qycj44q3lohskm4k FOREIGN KEY (id_usuario) REFERENCES public.usuarios(id_usuario);


--
-- TOC entry 3671 (class 2606 OID 26258)
-- Name: movimientos movimientos_id_producto_fkey; Type: FK CONSTRAINT; Schema: public; Owner: postgres
--

ALTER TABLE ONLY public.movimientos
    ADD CONSTRAINT movimientos_id_producto_fkey FOREIGN KEY (id_producto) REFERENCES public.productos(id_producto);


--
-- TOC entry 3672 (class 2606 OID 26263)
-- Name: movimientos movimientos_id_usuario_fkey; Type: FK CONSTRAINT; Schema: public; Owner: postgres
--

ALTER TABLE ONLY public.movimientos
    ADD CONSTRAINT movimientos_id_usuario_fkey FOREIGN KEY (id_usuario) REFERENCES public.usuarios(id_usuario);


--
-- TOC entry 3666 (class 2606 OID 26212)
-- Name: productos productos_id_categoria_fkey; Type: FK CONSTRAINT; Schema: public; Owner: postgres
--

ALTER TABLE ONLY public.productos
    ADD CONSTRAINT productos_id_categoria_fkey FOREIGN KEY (id_categoria) REFERENCES public.categorias(id_categoria);


--
-- TOC entry 3667 (class 2606 OID 26217)
-- Name: productos productos_id_ubicacion_fkey; Type: FK CONSTRAINT; Schema: public; Owner: postgres
--

ALTER TABLE ONLY public.productos
    ADD CONSTRAINT productos_id_ubicacion_fkey FOREIGN KEY (id_ubicacion) REFERENCES public.ubicaciones(id_ubicacion);


--
-- TOC entry 3668 (class 2606 OID 26222)
-- Name: productos productos_id_usuario_fkey; Type: FK CONSTRAINT; Schema: public; Owner: postgres
--

ALTER TABLE ONLY public.productos
    ADD CONSTRAINT productos_id_usuario_fkey FOREIGN KEY (id_usuario) REFERENCES public.usuarios(id_usuario);


--
-- TOC entry 3665 (class 2606 OID 26198)
-- Name: usuarios usuarios_id_rol_fkey; Type: FK CONSTRAINT; Schema: public; Owner: postgres
--

ALTER TABLE ONLY public.usuarios
    ADD CONSTRAINT usuarios_id_rol_fkey FOREIGN KEY (id_rol) REFERENCES public.roles(id_rol);


--
-- TOC entry 3827 (class 0 OID 26228)
-- Dependencies: 336
-- Name: alertas; Type: ROW SECURITY; Schema: public; Owner: postgres
--

ALTER TABLE public.alertas ENABLE ROW LEVEL SECURITY;

--
-- TOC entry 3823 (class 0 OID 26166)
-- Dependencies: 328
-- Name: categorias; Type: ROW SECURITY; Schema: public; Owner: postgres
--

ALTER TABLE public.categorias ENABLE ROW LEVEL SECURITY;

--
-- TOC entry 3828 (class 0 OID 26249)
-- Dependencies: 338
-- Name: movimientos; Type: ROW SECURITY; Schema: public; Owner: postgres
--

ALTER TABLE public.movimientos ENABLE ROW LEVEL SECURITY;

--
-- TOC entry 3826 (class 0 OID 26204)
-- Dependencies: 334
-- Name: productos; Type: ROW SECURITY; Schema: public; Owner: postgres
--

ALTER TABLE public.productos ENABLE ROW LEVEL SECURITY;

--
-- TOC entry 3822 (class 0 OID 26160)
-- Dependencies: 326
-- Name: roles; Type: ROW SECURITY; Schema: public; Owner: postgres
--

ALTER TABLE public.roles ENABLE ROW LEVEL SECURITY;

--
-- TOC entry 3824 (class 0 OID 26175)
-- Dependencies: 330
-- Name: ubicaciones; Type: ROW SECURITY; Schema: public; Owner: postgres
--

ALTER TABLE public.ubicaciones ENABLE ROW LEVEL SECURITY;

--
-- TOC entry 3825 (class 0 OID 26184)
-- Dependencies: 332
-- Name: usuarios; Type: ROW SECURITY; Schema: public; Owner: postgres
--

ALTER TABLE public.usuarios ENABLE ROW LEVEL SECURITY;

--
-- TOC entry 3851 (class 0 OID 0)
-- Dependencies: 15
-- Name: SCHEMA public; Type: ACL; Schema: -; Owner: pg_database_owner
--

GRANT USAGE ON SCHEMA public TO postgres;
GRANT USAGE ON SCHEMA public TO anon;
GRANT USAGE ON SCHEMA public TO authenticated;
GRANT USAGE ON SCHEMA public TO service_role;


--
-- TOC entry 3852 (class 0 OID 0)
-- Dependencies: 336
-- Name: TABLE alertas; Type: ACL; Schema: public; Owner: postgres
--

GRANT ALL ON TABLE public.alertas TO anon;
GRANT ALL ON TABLE public.alertas TO authenticated;
GRANT ALL ON TABLE public.alertas TO service_role;


--
-- TOC entry 3854 (class 0 OID 0)
-- Dependencies: 335
-- Name: SEQUENCE alertas_id_alerta_seq; Type: ACL; Schema: public; Owner: postgres
--

GRANT ALL ON SEQUENCE public.alertas_id_alerta_seq TO anon;
GRANT ALL ON SEQUENCE public.alertas_id_alerta_seq TO authenticated;
GRANT ALL ON SEQUENCE public.alertas_id_alerta_seq TO service_role;


--
-- TOC entry 3855 (class 0 OID 0)
-- Dependencies: 328
-- Name: TABLE categorias; Type: ACL; Schema: public; Owner: postgres
--

GRANT ALL ON TABLE public.categorias TO anon;
GRANT ALL ON TABLE public.categorias TO authenticated;
GRANT ALL ON TABLE public.categorias TO service_role;


--
-- TOC entry 3857 (class 0 OID 0)
-- Dependencies: 327
-- Name: SEQUENCE categorias_id_categoria_seq; Type: ACL; Schema: public; Owner: postgres
--

GRANT ALL ON SEQUENCE public.categorias_id_categoria_seq TO anon;
GRANT ALL ON SEQUENCE public.categorias_id_categoria_seq TO authenticated;
GRANT ALL ON SEQUENCE public.categorias_id_categoria_seq TO service_role;


--
-- TOC entry 3858 (class 0 OID 0)
-- Dependencies: 338
-- Name: TABLE movimientos; Type: ACL; Schema: public; Owner: postgres
--

GRANT ALL ON TABLE public.movimientos TO anon;
GRANT ALL ON TABLE public.movimientos TO authenticated;
GRANT ALL ON TABLE public.movimientos TO service_role;


--
-- TOC entry 3860 (class 0 OID 0)
-- Dependencies: 337
-- Name: SEQUENCE movimientos_id_movimiento_seq; Type: ACL; Schema: public; Owner: postgres
--

GRANT ALL ON SEQUENCE public.movimientos_id_movimiento_seq TO anon;
GRANT ALL ON SEQUENCE public.movimientos_id_movimiento_seq TO authenticated;
GRANT ALL ON SEQUENCE public.movimientos_id_movimiento_seq TO service_role;


--
-- TOC entry 3861 (class 0 OID 0)
-- Dependencies: 340
-- Name: TABLE notificaciones; Type: ACL; Schema: public; Owner: postgres
--

GRANT ALL ON TABLE public.notificaciones TO anon;
GRANT ALL ON TABLE public.notificaciones TO authenticated;
GRANT ALL ON TABLE public.notificaciones TO service_role;


--
-- TOC entry 3862 (class 0 OID 0)
-- Dependencies: 339
-- Name: SEQUENCE notificaciones_id_notificacion_seq; Type: ACL; Schema: public; Owner: postgres
--

GRANT ALL ON SEQUENCE public.notificaciones_id_notificacion_seq TO anon;
GRANT ALL ON SEQUENCE public.notificaciones_id_notificacion_seq TO authenticated;
GRANT ALL ON SEQUENCE public.notificaciones_id_notificacion_seq TO service_role;


--
-- TOC entry 3863 (class 0 OID 0)
-- Dependencies: 334
-- Name: TABLE productos; Type: ACL; Schema: public; Owner: postgres
--

GRANT ALL ON TABLE public.productos TO anon;
GRANT ALL ON TABLE public.productos TO authenticated;
GRANT ALL ON TABLE public.productos TO service_role;


--
-- TOC entry 3865 (class 0 OID 0)
-- Dependencies: 333
-- Name: SEQUENCE productos_id_producto_seq; Type: ACL; Schema: public; Owner: postgres
--

GRANT ALL ON SEQUENCE public.productos_id_producto_seq TO anon;
GRANT ALL ON SEQUENCE public.productos_id_producto_seq TO authenticated;
GRANT ALL ON SEQUENCE public.productos_id_producto_seq TO service_role;


--
-- TOC entry 3866 (class 0 OID 0)
-- Dependencies: 326
-- Name: TABLE roles; Type: ACL; Schema: public; Owner: postgres
--

GRANT ALL ON TABLE public.roles TO anon;
GRANT ALL ON TABLE public.roles TO authenticated;
GRANT ALL ON TABLE public.roles TO service_role;


--
-- TOC entry 3867 (class 0 OID 0)
-- Dependencies: 330
-- Name: TABLE ubicaciones; Type: ACL; Schema: public; Owner: postgres
--

GRANT ALL ON TABLE public.ubicaciones TO anon;
GRANT ALL ON TABLE public.ubicaciones TO authenticated;
GRANT ALL ON TABLE public.ubicaciones TO service_role;


--
-- TOC entry 3869 (class 0 OID 0)
-- Dependencies: 329
-- Name: SEQUENCE ubicaciones_id_ubicacion_seq; Type: ACL; Schema: public; Owner: postgres
--

GRANT ALL ON SEQUENCE public.ubicaciones_id_ubicacion_seq TO anon;
GRANT ALL ON SEQUENCE public.ubicaciones_id_ubicacion_seq TO authenticated;
GRANT ALL ON SEQUENCE public.ubicaciones_id_ubicacion_seq TO service_role;


--
-- TOC entry 3870 (class 0 OID 0)
-- Dependencies: 332
-- Name: TABLE usuarios; Type: ACL; Schema: public; Owner: postgres
--

GRANT ALL ON TABLE public.usuarios TO anon;
GRANT ALL ON TABLE public.usuarios TO authenticated;
GRANT ALL ON TABLE public.usuarios TO service_role;


--
-- TOC entry 3872 (class 0 OID 0)
-- Dependencies: 331
-- Name: SEQUENCE usuarios_id_usuario_seq; Type: ACL; Schema: public; Owner: postgres
--

GRANT ALL ON SEQUENCE public.usuarios_id_usuario_seq TO anon;
GRANT ALL ON SEQUENCE public.usuarios_id_usuario_seq TO authenticated;
GRANT ALL ON SEQUENCE public.usuarios_id_usuario_seq TO service_role;


--
-- TOC entry 2394 (class 826 OID 16494)
-- Name: DEFAULT PRIVILEGES FOR SEQUENCES; Type: DEFAULT ACL; Schema: public; Owner: postgres
--

ALTER DEFAULT PRIVILEGES FOR ROLE postgres IN SCHEMA public GRANT ALL ON SEQUENCES TO postgres;
ALTER DEFAULT PRIVILEGES FOR ROLE postgres IN SCHEMA public GRANT ALL ON SEQUENCES TO anon;
ALTER DEFAULT PRIVILEGES FOR ROLE postgres IN SCHEMA public GRANT ALL ON SEQUENCES TO authenticated;
ALTER DEFAULT PRIVILEGES FOR ROLE postgres IN SCHEMA public GRANT ALL ON SEQUENCES TO service_role;


--
-- TOC entry 2395 (class 826 OID 16495)
-- Name: DEFAULT PRIVILEGES FOR SEQUENCES; Type: DEFAULT ACL; Schema: public; Owner: supabase_admin
--

ALTER DEFAULT PRIVILEGES FOR ROLE supabase_admin IN SCHEMA public GRANT ALL ON SEQUENCES TO postgres;
ALTER DEFAULT PRIVILEGES FOR ROLE supabase_admin IN SCHEMA public GRANT ALL ON SEQUENCES TO anon;
ALTER DEFAULT PRIVILEGES FOR ROLE supabase_admin IN SCHEMA public GRANT ALL ON SEQUENCES TO authenticated;
ALTER DEFAULT PRIVILEGES FOR ROLE supabase_admin IN SCHEMA public GRANT ALL ON SEQUENCES TO service_role;


--
-- TOC entry 2393 (class 826 OID 16493)
-- Name: DEFAULT PRIVILEGES FOR FUNCTIONS; Type: DEFAULT ACL; Schema: public; Owner: postgres
--

ALTER DEFAULT PRIVILEGES FOR ROLE postgres IN SCHEMA public GRANT ALL ON FUNCTIONS TO postgres;
ALTER DEFAULT PRIVILEGES FOR ROLE postgres IN SCHEMA public GRANT ALL ON FUNCTIONS TO anon;
ALTER DEFAULT PRIVILEGES FOR ROLE postgres IN SCHEMA public GRANT ALL ON FUNCTIONS TO authenticated;
ALTER DEFAULT PRIVILEGES FOR ROLE postgres IN SCHEMA public GRANT ALL ON FUNCTIONS TO service_role;


--
-- TOC entry 2397 (class 826 OID 16497)
-- Name: DEFAULT PRIVILEGES FOR FUNCTIONS; Type: DEFAULT ACL; Schema: public; Owner: supabase_admin
--

ALTER DEFAULT PRIVILEGES FOR ROLE supabase_admin IN SCHEMA public GRANT ALL ON FUNCTIONS TO postgres;
ALTER DEFAULT PRIVILEGES FOR ROLE supabase_admin IN SCHEMA public GRANT ALL ON FUNCTIONS TO anon;
ALTER DEFAULT PRIVILEGES FOR ROLE supabase_admin IN SCHEMA public GRANT ALL ON FUNCTIONS TO authenticated;
ALTER DEFAULT PRIVILEGES FOR ROLE supabase_admin IN SCHEMA public GRANT ALL ON FUNCTIONS TO service_role;


--
-- TOC entry 2392 (class 826 OID 16492)
-- Name: DEFAULT PRIVILEGES FOR TABLES; Type: DEFAULT ACL; Schema: public; Owner: postgres
--

ALTER DEFAULT PRIVILEGES FOR ROLE postgres IN SCHEMA public GRANT ALL ON TABLES TO postgres;
ALTER DEFAULT PRIVILEGES FOR ROLE postgres IN SCHEMA public GRANT ALL ON TABLES TO anon;
ALTER DEFAULT PRIVILEGES FOR ROLE postgres IN SCHEMA public GRANT ALL ON TABLES TO authenticated;
ALTER DEFAULT PRIVILEGES FOR ROLE postgres IN SCHEMA public GRANT ALL ON TABLES TO service_role;


--
-- TOC entry 2396 (class 826 OID 16496)
-- Name: DEFAULT PRIVILEGES FOR TABLES; Type: DEFAULT ACL; Schema: public; Owner: supabase_admin
--

ALTER DEFAULT PRIVILEGES FOR ROLE supabase_admin IN SCHEMA public GRANT ALL ON TABLES TO postgres;
ALTER DEFAULT PRIVILEGES FOR ROLE supabase_admin IN SCHEMA public GRANT ALL ON TABLES TO anon;
ALTER DEFAULT PRIVILEGES FOR ROLE supabase_admin IN SCHEMA public GRANT ALL ON TABLES TO authenticated;
ALTER DEFAULT PRIVILEGES FOR ROLE supabase_admin IN SCHEMA public GRANT ALL ON TABLES TO service_role;


-- Completed on 2026-07-15 03:33:18

--
-- PostgreSQL database dump complete
--

\unrestrict 4T02Fz0NFuRXno7wEtZ318u6XqbXbX21xTEGBR8q7jz7kPlr0RDbjQeOENPiZT9

